id,goal_info,match_info,match_result,substitution,penalty,card_info
0,0.0013636831426993012,0.0006746667786501348,0.0020455282647162676,0.0003290403983555734,0,0.0007285535684786737
1,0.9474897384643555,0.007571101654320955,0.0006703402614220977,0.000761430012062192,0,0.0069756461307406425
2,0.9768986105918884,0.012258371338248253,0.004168159794062376,0.00028059244505129755,0,0.0008745543891564012
3,0.009487384930253029,0.30311837792396545,0.622078537940979,0.0003573097346816212,0,0.0003255990450270474
4,0.03163791820406914,0.884102463722229,0.002627593232318759,0.0013516962062567472,0,0.0005205385969020426
5,0.0042086937464773655,0.0024418472312390804,0.0006137207383289933,0.0005351614090614021,0,0.001171718118712306
6,0.9919913411140442,0.00991921778768301,0.001253691385500133,0.00036678093601949513,0,0.0006810124032199383
7,0.11422518640756607,0.0038772982079535723,0.003058978356420994,0.00015458550478797406,0,0.0011407770216464996
8,0.9975454211235046,0.003829213324934244,0.03412237763404846,0.0025009948294609785,0,0.0012108830269426107
9,0.9747498035430908,0.009379028342664242,0.9872437119483948,0.010606066323816776,0,0.010465421713888645
10,0.001092274789698422,0.0012555901193991303,0.021691370755434036,0.00020518193196039647,0,0.000485398864839226
11,0.0017583802109584212,0.0015656845644116402,0.0007862501661293209,0.0001613063068361953,0,0.00043869452201761305
12,0.0017223310424014926,0.0032775108702480793,0.0002559605345595628,0.00023276559659279883,0,0.0013180067762732506
13,0.0023345649242401123,0.00952819548547268,0.00027572776889428496,0.00019681591948028654,0,0.0009497820283286273
14,0.0016560694202780724,0.0019413786940276623,0.0024980201851576567,0.0001607846497790888,0,0.0003244962135795504
15,0.000943894381634891,0.00045556770055554807,0.002072722651064396,0.00038954001502133906,0,0.0008649055962450802
16,0.9981983304023743,0.03397674858570099,0.003903797594830394,0.000715471338480711,0,0.0009331279434263706
17,0.9955036044120789,0.006387990899384022,0.004271650221198797,0.0003910137165803462,0,0.0008575614774599671
18,0.06412196159362793,0.13543523848056793,0.004522034898400307,0.00014740969345439225,0,0.00016252690693363547
19,0.9960685968399048,0.004459448158740997,0.010259050875902176,0.00031274041975848377,0,0.0008900244138203561
20,0.002020748797804117,0.0004913074662908912,0.002305933739989996,0.0008263974450528622,0,0.001546217710711062
21,0.005984708666801453,0.005071076564490795,0.0064468104392290115,0.022105427458882332,0,0.5422496795654297
22,0.004210584796965122,0.08668623864650726,0.47867533564567566,0.00027810680330730975,0,0.00034308378235436976
23,0.0017789613921195269,0.0013609332963824272,0.0007593773771077394,0.0001633129722904414,0,0.0005064613651484251
24,0.007208907511085272,0.13033215701580048,0.000901432940736413,0.00026517518563196063,0,0.0007596264476887882
25,0.0017192813102155924,0.010513444431126118,0.0003335311484988779,0.00018186682427767664,0,0.0006034832913428545
26,0.9530419111251831,0.00732428627088666,0.0014030087040737271,0.0002077186363749206,0,0.0034886538051068783
27,0.001520174671895802,0.0016429547686129808,0.0032917854841798544,0.0001036689936881885,0,0.00022784814063925296
28,0.005079576745629311,0.07441988587379456,0.416864275932312,0.0003175439196638763,0,0.0004918118356727064
29,0.0032244501635432243,0.037817392498254776,0.3866065740585327,0.00023946940200403333,0,0.0004567410796880722
30,0.0017425788100808859,0.0036651641130447388,0.01311576459556818,0.00013310879876371473,0,0.0006552197155542672
31,0.0025698973331600428,0.032403990626335144,0.3141297996044159,0.0002731405838858336,0,0.0005415185005404055
32,0.009652783162891865,0.16604866087436676,0.6966028213500977,0.00026582268765196204,0,0.0002484033757355064
33,0.0013053027214482427,0.0008833959582261741,0.0032451965380460024,0.00015817387611605227,0,0.00042982344166375697
34,0.0009758468368090689,0.0005132661899551749,0.0027555725537240505,0.0003068123769480735,0,0.0007379178423434496
35,0.0008282125345431268,0.0003880324657075107,0.002304992638528347,0.00034224841510877013,0,0.0014849917497485876
36,0.9799959063529968,0.011682719923555851,0.004195654299110174,0.00027445072191767395,0,0.0007931417203508317
37,0.7718378305435181,0.0017956834053620696,0.0007286205654963851,0.0003326714795548469,0,0.004786107689142227
38,0.43189355731010437,0.0030114941764622927,0.00022801353770773858,0.0005221578758209944,0,0.02428477257490158
39,0.16091105341911316,0.009979965165257454,0.002076161792501807,0.00010276476677972823,0,0.0010617200750857592
40,0.9956335425376892,0.004529900383204222,0.031029297038912773,0.0003815715608652681,0,0.0004965962725691497
41,0.9550598859786987,0.010286523960530758,0.9932243227958679,0.009076284244656563,0,0.003802566323429346
42,0.0009886124171316624,0.0007693105144426227,0.0018807280575856566,0.0002347617264604196,0,0.0005054587381891906
43,0.002247509313747287,0.009675570763647556,0.0002979632990900427,0.00020135482191108167,0,0.0008812937303446233
44,0.002088487846776843,0.020017914474010468,0.0002876008511520922,0.00018921376613434404,0,0.0005888863233849406
45,0.000834548962302506,0.00037560792407020926,0.0023436718620359898,0.00034230275196023285,0,0.001563333673402667
46,0.9840077757835388,0.8201392292976379,0.0019375999690964818,0.003214851953089237,0,0.004772859625518322
47,0.0017182243755087256,0.002724968595430255,0.00022124566021375358,0.0002374436880927533,0,0.0008048180025070906
48,0.004493782762438059,0.0006293701590038836,0.0006297990912571549,0.00016880367184057832,0,0.000864457106217742
49,0.9963129162788391,0.0033628037199378014,0.01941734179854393,0.0004278899868950248,0,0.001182118197903037
50,0.0018096072599291801,0.0008255221764557064,0.00038105915882624686,0.001597572467289865,0,0.001583760604262352
51,0.9938247203826904,0.005218565929681063,0.003464692272245884,0.0006552584818564355,0,0.001022775424644351
52,0.013538108207285404,0.005628695711493492,0.0041673798114061356,0.0002826771524269134,0,0.0004364467167761177
53,0.00594672653824091,0.0022810271475464106,0.00044969251030124724,0.00020952917111571878,0,0.0005992471124045551
54,0.9916219711303711,0.001117365318350494,0.757658839225769,0.0016300963470712304,0,0.010932150296866894
55,0.003329276805743575,0.0006385914166457951,0.059234850108623505,0.0006740890676155686,0,0.00131727394182235
56,0.030500592663884163,0.0003368439502082765,0.011556989513337612,0.00020192873489577323,0,0.0042119803838431835
57,0.01867840625345707,0.09306641668081284,0.9688336253166199,0.0013127201236784458,0,0.000920286460313946
58,0.0011938809184357524,0.00032309131347574294,0.002018179278820753,0.00027052947552874684,0,0.0010896091116592288
59,0.9518556594848633,0.009251284413039684,0.0034822558518499136,0.0002018022642005235,0,0.0017477042274549603
60,0.9598346948623657,0.010630026459693909,0.0011992326471954584,0.00020882213721051812,0,0.00254798773676157
61,0.0008969333721324801,0.0011057863011956215,0.0006616211612708867,0.00035578879760578275,0,0.0007885390077717602
62,0.00451706862077117,0.04186538979411125,0.0012385697336867452,0.00017460841627325863,0,0.0005011074244976044
63,0.004525614436715841,0.06276911497116089,0.0010030919220298529,0.00017664034385234118,0,0.0005158332642167807
64,0.0008450211607851088,0.0003926001663785428,0.0025754969101399183,0.00032915896736085415,0,0.0015556308208033442
65,0.015709657222032547,0.8418756127357483,0.037927594035863876,0.0017043395200744271,0,0.0006069827359169722
66,0.03145947307348251,0.9238216280937195,0.0026446999981999397,0.004709912464022636,0,0.0005614685942418873
67,0.0025406712666153908,0.015306197106838226,0.0010270150378346443,0.0004109652654733509,0,0.00045684189535677433
68,0.021945111453533173,0.7285478711128235,0.014948202297091484,0.0008074471261352301,0,0.0005026974249631166
69,0.0018453107913956046,0.0011410948354750872,0.0010674400255084038,0.00018320404342375696,0,0.00043159903725609183
70,0.0011905125575140119,0.001792523660697043,0.0004874880542047322,0.0017879921942949295,0,0.0009535021963529289
71,0.002514375140890479,0.011124666780233383,0.0005124266026541591,0.00028295465745031834,0,0.00041448185220360756
72,0.002449429826810956,0.020000558346509933,0.0005179953295737505,0.00038271056837402284,0,0.0002798649366013706
73,0.0024747035931795835,0.0017122133867815137,0.017756953835487366,0.00015022796287667006,0,0.00038733152905479074
74,0.996820330619812,0.003662627888843417,0.014275605790317059,0.0005172076052986085,0,0.0010884735966101289
75,0.9784470200538635,0.022555215284228325,0.07484138011932373,0.46099722385406494,0,0.9510214924812317
76,0.031946636736392975,0.008366274647414684,0.9915096759796143,0.006491083186119795,0,0.00773371197283268
77,0.006010386627167463,0.18757475912570953,0.7432552576065063,0.0004263086011633277,0,0.00030408287420868874
78,0.0018634506268426776,0.018988706171512604,0.0002779278438538313,0.00021814281353726983,0,0.0009711425518617034
79,0.005376794841140509,0.12547044456005096,0.43493902683258057,0.000398614356527105,0,0.0002308233961230144
80,0.045075710862874985,0.9147696495056152,0.005467516835778952,0.0012932466343045235,0,0.0005108144250698388
81,0.003644194221124053,0.0016139944782480597,0.0005699660396203399,0.0014359840424731374,0,0.001028285245411098
82,0.01981208845973015,0.45819857716560364,0.0010517255868762732,0.00038371479604393244,0,0.0003186483809258789
83,0.019105028361082077,0.8068130016326904,0.001474747434258461,0.004437812604010105,0,0.0007172296172939241
84,0.0015158592723309994,0.002575464779511094,0.00030517810955643654,0.00047823047498241067,0,0.0004893253208138049
85,0.19937191903591156,0.007486158981919289,0.0004795586864929646,0.00014589846250601113,0,0.0007787453942000866
86,0.0010465403320267797,0.0019016384612768888,0.0010240853298455477,0.0005201683379709721,0,0.0008932038326747715
87,0.006518956273794174,0.08730960637331009,0.013039886951446533,0.00021728900901507586,0,0.0002037260856013745
88,0.016384433954954147,0.011194023303687572,0.0004868395335506648,0.03363059461116791,0,0.00042762039811350405
89,0.9948136806488037,0.08276187628507614,0.01915775053203106,0.0004812694969587028,0,0.0009720553061924875
90,0.008345432579517365,0.16924165189266205,0.9683029651641846,0.007243605796247721,0,0.0026651339139789343
91,0.0009841208811849356,0.00041945508564822376,0.0008102162973955274,0.0004673037910833955,0,0.0014441043604165316
92,0.9465711116790771,0.0062499698251485825,0.0010566049022600055,0.000447101891040802,0,0.008419753983616829
93,0.0011508496245369315,0.000711592729203403,0.0007782803731970489,0.00031221433891914785,0,0.0007395982975140214
94,0.008670316077768803,0.1053551733493805,0.0007748045609332621,0.00021374135394580662,0,0.0005237185396254063
95,0.009494082070887089,0.1357717663049698,0.0018140828469768167,0.00022481984342448413,0,0.00045937710092402995
96,0.0018836027011275291,0.001614165841601789,0.004025187809020281,0.00012983891065232456,0,0.00032979255774989724
97,0.0008942061103880405,0.0024971328675746918,0.0035788617096841335,0.00024974896223284304,0,0.0002473234198987484
98,0.0013918675249442458,0.0024344883859157562,0.012122517451643944,0.00013580861559603363,0,0.0015911691589280963
99,0.030774764716625214,0.0025475076399743557,0.0003561843477655202,9.147523815045133e-05,0,0.0006149843102321029
100,0.9959495067596436,0.04910143464803696,0.009306974709033966,0.00021930357615929097,0,0.0008373372256755829
101,0.9962447285652161,0.017007902264595032,0.03168416768312454,0.00042466612649150193,0,0.0006946396315470338
102,0.9946184754371643,0.008108669891953468,0.003696827217936516,0.0002486846933607012,0,0.0010064988164231181
103,0.9905748963356018,0.011098286136984825,0.8572498559951782,0.000975061091594398,0,0.0019314142409712076
104,0.0023189906496554613,0.003491495968773961,0.022836511954665184,0.00014399943756870925,0,0.00021363867563195527
105,0.9711350202560425,0.031562771648168564,0.9784042239189148,0.0033889957703649998,0,0.003655515844002366
106,0.00410536490380764,0.052847810089588165,0.7897176146507263,0.003344859927892685,0,0.0022318519186228514
107,0.001881386968307197,0.0021688463166356087,0.001628028810955584,0.00040702236583456397,0,0.0006673313910141587
108,0.004516665358096361,0.00508482102304697,0.12842363119125366,0.008809651248157024,0,0.0052750324830412865
109,0.0017163190059363842,0.0073606050573289394,0.12340451031923294,0.00030695603345520794,0,0.000785463082138449
110,0.002013743156567216,0.02903929352760315,0.00029750855173915625,0.00022393632389139384,0,0.0009111722465604544
111,0.001048897858709097,0.0009844088926911354,0.001067261677235365,0.00025157962227240205,0,0.0004565519338939339
112,0.0010453126160427928,0.0027714569587260485,0.0014422779204323888,0.00023970306210685521,0,0.00039140379521995783
113,0.0025709618348628283,0.002417660551145673,0.0007128494326025248,0.0003836158139165491,0,0.0006900099688209593
114,0.00168817478697747,0.01686950773000717,0.0008378620259463787,0.0005322176148183644,0,0.00019705195154529065
115,0.16137903928756714,0.939521074295044,0.0006844599265605211,0.002018267521634698,0,0.0014054753119125962
116,0.004284731578081846,0.016682442277669907,0.0003773209173232317,0.0006033871904946864,0,0.000447910453658551
117,0.9971703886985779,0.01689845137298107,0.006114386487752199,0.0009354641661047935,0,0.0007946357363834977
118,0.0033689558040350676,0.012508546002209187,0.010476306080818176,0.00021132224355824292,0,0.00016677439271006733
119,0.9950869679450989,0.00569051643833518,0.05122413486242294,0.0002884521381929517,0,0.0008360806968994439
120,0.026762953028082848,0.014031913131475449,0.991483747959137,0.004461572039872408,0,0.004912944044917822
121,0.0012125110952183604,0.007825649343430996,0.18286527693271637,0.0007046576938591897,0,0.0004233747022226453
122,0.0011183710303157568,0.0006975203868933022,0.0008054617210291326,0.0003171690332237631,0,0.0007520273211412132
123,0.0014261560281738639,0.0020587730687111616,0.0004776669084094465,0.00023231441446114331,0,0.0015216526808217168
124,0.0012175865704193711,0.0024539490696042776,0.0004597818187903613,0.00021872846991755068,0,0.0015072935493662953
125,0.0008851130260154605,0.0003639406932052225,0.0025968109257519245,0.00030968443024903536,0,0.0013710714410990477
126,0.03799894079566002,0.9190868735313416,0.0703645646572113,0.0009052463574334979,0,0.00026730462559498847
127,0.04051394760608673,0.9455499649047852,0.016059009358286858,0.003623360302299261,0,0.0007257515680976212
128,0.9927060008049011,0.06172448396682739,0.0009944470366463065,0.00046177132753655314,0,0.0005226428620517254
129,0.03581980615854263,0.001296433387324214,0.0003626621619332582,0.00012198216427350417,0,0.0010615299688652158
130,0.9941310286521912,0.004765166901051998,0.0031823080498725176,0.00039808236761018634,0,0.001197246601805091
131,0.9940928816795349,0.007455236278474331,0.003059269394725561,0.000258658139500767,0,0.0007113245083019137
132,0.048379454761743546,0.0030872987117618322,0.0006327375303953886,9.122888877755031e-05,0,0.000691395194735378
133,0.994946300983429,0.006231843493878841,0.003823426552116871,0.0003175127203576267,0,0.0011387824779376388
134,0.995231568813324,0.006885410752147436,0.012251056730747223,0.00029919930966570973,0,0.0008135595708154142
135,0.0029468827415257692,0.0011323661310598254,0.06373688578605652,0.22607029974460602,0,0.006663881707936525
136,0.03942415490746498,0.0506710521876812,0.9945277571678162,0.002326958579942584,0,0.0019239337416365743
137,0.0011183710303157568,0.0006975203868933022,0.0008054617210291326,0.0003171690332237631,0,0.0007520273211412132
138,0.001305287703871727,0.00239175814203918,0.00037071670521982014,0.00028596469201147556,0,0.0016354939434677362
139,0.001322752214036882,0.002099067671224475,0.00044963741675019264,0.00025341621949337423,0,0.0016127341659739614
140,0.0008134599775075912,0.0004135738709010184,0.0027650240808725357,0.0002950698835775256,0,0.0012093522818759084
141,0.0023541601840406656,0.0054439976811409,0.0013992723543196917,0.0005177035927772522,0,0.0003362529387231916
142,0.9898660778999329,0.010924260132014751,0.002991998102515936,0.00018024233577307314,0,0.0007217955426312983
143,0.009781252592802048,0.022695008665323257,0.0031565199606120586,0.00012763995619025081,0,0.00022797330166213214
144,0.9935097098350525,0.008336629718542099,0.01425655372440815,0.0001882043288787827,0,0.0004546261334326118
145,0.9956313371658325,0.003748289542272687,0.015274685807526112,0.0003646272816695273,0,0.0008205084595829248
146,0.016604971140623093,0.019946400076150894,0.0003115283907391131,0.0006430693902075291,0,0.0003706091083586216
147,0.004431913606822491,0.013673417270183563,0.0007274525123648345,0.0002797988126985729,0,0.000285580288618803
148,0.018061216920614243,0.022341137751936913,0.9906161427497864,0.003370449645444751,0,0.0035595986992120743
149,0.0022897962480783463,0.00482772383838892,0.27788278460502625,0.0003070218663197011,0,0.0005029221647419035
150,0.0018162617925554514,0.008885289542376995,0.058694541454315186,0.00040161560173146427,0,0.00027829298051074147
151,0.0009859721176326275,0.00038039733772166073,0.003271348075941205,0.00031016100547276437,0,0.0017695288406684995
152,0.000980644254013896,0.0017428077990189195,0.0005250403191894293,0.0014835090842097998,0,0.0005127204931341112
153,0.004894053563475609,0.06675811856985092,0.001915354747325182,0.013671924360096455,0,0.0006774405483156443
154,0.9935077428817749,0.005745537579059601,0.0044518462382256985,0.00020473849144764245,0,0.0008250565733760595
155,0.1539762318134308,0.0997854545712471,0.0005121399881318212,0.00028235235367901623,0,0.00039597018621861935
156,0.9971873164176941,0.005020142532885075,0.01174573041498661,0.00039674536674283445,0,0.0012920777080580592
157,0.9953476786613464,0.004271557088941336,0.11485986411571503,0.00041476087062619627,0,0.0008855453343130648
158,0.9952825903892517,0.007555743213742971,0.0025566660333424807,0.0005896526272408664,0,0.0007998564396984875
159,0.013942855410277843,0.017536509782075882,0.9178402423858643,0.4464474320411682,0,0.018810277804732323
160,0.9938127994537354,0.0037157677579671144,0.11410755664110184,0.0003263184626121074,0,0.001257335883565247
161,0.0031676816288381815,0.0021492959931492805,0.654451310634613,0.0003657768538687378,0,0.0008027098374441266
162,0.0011183710303157568,0.0006975203868933022,0.0008054617210291326,0.0003171690332237631,0,0.0007520273211412132
163,0.0014318061294034123,0.002141197444871068,0.0003311321488581598,0.0002923272259067744,0,0.0017383925151079893
164,0.0016717128455638885,0.0026559438556432724,0.00035668505006469786,0.00028391554951667786,0,0.001751538715325296
165,0.0008134599775075912,0.0004135738709010184,0.0027650240808725357,0.0002950698835775256,0,0.0012093522818759084
166,0.9361706972122192,0.0027855345979332924,0.00576035026460886,0.00023963089915923774,0,0.0007723362068645656
167,0.015583873726427555,0.12444327771663666,0.003546880790963769,0.00016730526112951338,0,0.0002082441351376474
168,0.02814747579395771,0.7604906558990479,0.007126775104552507,0.0016459273174405098,0,0.0008906589937396348
169,0.9946951270103455,0.012231714092195034,0.0022536274045705795,0.00037718782550655305,0,0.000863974099047482
170,0.002337421989068389,0.002966352505609393,0.0003290858876425773,0.001260344753973186,0,0.002506464719772339
171,0.6216827034950256,0.009597791358828545,0.9430052638053894,0.0010918587213382125,0,0.0017751591512933373
172,0.002569539239630103,0.006173068657517433,0.0023104040883481503,0.10858532041311264,0,0.0005084025906398892
173,0.9953004121780396,0.0058454531244933605,0.008005671203136444,0.00035140811814926565,0,0.0008936183876357973
174,0.015609953552484512,0.006665599532425404,0.9830299019813538,0.0019225229043513536,0,0.003011547029018402
175,0.0023524125572293997,0.002485989360138774,0.012456666678190231,0.00019623465777840465,0,0.0006050833035260439
176,0.002349856775254011,0.001116213039495051,0.033521026372909546,0.00021287496201694012,0,0.00039293771260418
177,0.0012580712791532278,0.0019152573077008128,0.0007757675484754145,0.0001568726875120774,0,0.00035687925992533565
178,0.0018943063914775848,0.0009151986450888216,0.0015393368666991591,0.0002668803499545902,0,0.0009735274943523109
179,0.009711194783449173,0.3499810993671417,0.0202778447419405,0.00019172430620528758,0,0.00021523343457374722
180,0.0038234933745115995,0.06355294585227966,0.015567590482532978,9.91603810689412e-05,0,0.00018057262059301138
181,0.09809305518865585,0.13863423466682434,0.9934521913528442,0.00238593528047204,0,0.0017296014120802283
182,0.0032471672166138887,0.0008843652321957052,0.0013311196817085147,0.0010508892592042685,0,0.002085291314870119
183,0.002888274844735861,0.000457054004073143,0.000577277154661715,0.00037650702870450914,0,0.0019563594833016396
184,0.08412764221429825,0.006609353702515364,0.02490961365401745,0.9862335920333862,0,0.02111656777560711
185,0.9942261576652527,0.011299985460937023,0.003802734427154064,0.00031903962371870875,0,0.0006088498630560935
186,0.0011683361371979117,0.0013791413512080908,0.00039280339842662215,0.0004302487650420517,0,0.000823647016659379
187,0.0013321507722139359,0.0004512597224675119,0.0008813357562758029,0.0003812223148997873,0,0.000972815090790391
188,0.0008164311293512583,0.0009353711502626538,0.0003669746802188456,0.00034421600867062807,0,0.0007198855164460838
189,0.13896483182907104,0.004929288290441036,0.029453884810209274,0.9871187210083008,0,0.024326754733920097
190,0.0009965545032173395,0.0012045067269355059,0.0004765386111102998,0.0002567209012340754,0,0.0006314673228189349
191,0.0056685395538806915,0.025250954553484917,0.0014149014605209231,0.0010181580437347293,0,0.0008086817106232047
192,0.01086387224495411,0.0046226284466683865,0.06130009517073631,0.0002505493466742337,0,0.0003728119481820613
193,0.004890807904303074,0.00043086690129712224,0.0011320917401462793,0.0016329328063875437,0,0.005124504212290049
194,0.989071249961853,0.0076750642620027065,0.00646047480404377,0.00014173737145029008,0,0.0006641130894422531
195,0.0009992093546316028,0.0006520918104797602,0.0009230683790519834,0.0004808176017832011,0,0.0017141926800832152
196,0.0007150692399591208,0.003227203618735075,0.0004540461814031005,0.0002422120451228693,0,0.0005454403581097722
197,0.9933030605316162,0.006395507603883743,0.019398346543312073,0.00021225435193628073,0,0.0006730330642312765
198,0.0019785678014159203,0.0005493100034072995,0.0003068743972107768,0.0005531662609428167,0,0.001371459336951375
199,0.0015002669533714652,0.000409775588195771,0.00047675028326921165,0.0003453241370152682,0,0.002210906706750393
200,0.9861525297164917,0.008198030292987823,0.002147507155314088,0.0001661336573306471,0,0.0010577559005469084
201,0.0023746115621179342,0.01695735566318035,0.0009055349510163069,0.00015522417379543185,0,0.00028420970193110406
202,0.004345213528722525,0.011848697438836098,0.0010522096417844296,0.0002391529269516468,0,0.0004072810697834939
203,0.0022905280347913504,0.0013440505135804415,0.0004903897061012685,0.00028704479336738586,0,0.0013296556426212192
204,0.0008969333721324801,0.0011057863011956215,0.0006616211612708867,0.00035578879760578275,0,0.0007885390077717602
205,0.03585628420114517,0.6140956282615662,0.003266693092882633,0.00030193329439498484,0,0.0006369702168740332
206,0.002360151382163167,0.05343128740787506,0.0004068039997946471,0.00017161409778054804,0,0.00041874381713569164
207,0.0014707426307722926,0.0005090883933007717,0.0007176900398917496,0.00039469581679441035,0,0.0014419807121157646
208,0.01877184584736824,0.5259181261062622,0.04596221446990967,0.0018722179811447859,0,0.000776217202655971
209,0.0025107732508331537,0.0378267802298069,0.0019459169125184417,0.00020252357353456318,0,0.0001554404298076406
210,0.0011200710432603955,0.0006912624812684953,0.0007797196740284562,0.00031683113775216043,0,0.0007531209848821163
211,0.04386262968182564,0.6580243706703186,0.004074971191585064,0.0003515605931170285,0,0.0006978781311772764
212,0.0052962470799684525,0.14454203844070435,0.0017232258105650544,0.00020178512204438448,0,0.0003148519608657807
213,0.0008060474647209048,0.0008909921161830425,0.0011063842102885246,0.0003872392699122429,0,0.000743438140489161
214,0.0009491982054896653,0.0008324243826791644,0.0017452733591198921,0.00026005750987678766,0,0.0004383221094030887
215,0.0036914008669555187,0.28563255071640015,0.3036906123161316,0.001074494095519185,0,0.0003590951964724809
216,0.682640552520752,0.9803028106689453,0.09016033262014389,0.0036422887351363897,0,0.0025583775714039803
217,0.9959824085235596,0.008649038150906563,0.010072256438434124,0.00031198817305266857,0,0.0006232074229046702
218,0.8474178314208984,0.002563150366768241,0.9916623830795288,0.004303725901991129,0,0.00929058063775301
219,0.012045049108564854,0.012580079957842827,0.012161132879555225,0.0007149649318307638,0,0.0005341297364793718
220,0.0008803830132819712,0.0004493648884817958,0.0028857942670583725,0.00028735309024341404,0,0.0013387658400461078
221,0.034257981926202774,0.9441319108009338,0.12206236273050308,0.005146984476596117,0,0.0013025356456637383
222,0.00976631324738264,0.6878337860107422,0.0056014349684119225,0.0008288547396659851,0,0.0004884918453171849
223,0.01967916637659073,0.8472113609313965,0.018767336383461952,0.0005921913543716073,0,0.0002263473579660058
224,0.010458450764417648,0.8247934579849243,0.04766950011253357,0.01371126901358366,0,0.001663827570155263
225,0.996862530708313,0.00720306346192956,0.014810922555625439,0.0003663998213596642,0,0.0007777716964483261
226,0.0019083896186202765,0.002162910532206297,0.0008282180642709136,0.00020264563499949872,0,0.0005360714858397841
227,0.9874502420425415,0.005079663824290037,0.18928921222686768,0.007017083466053009,0,0.8709614872932434
228,0.01944628916680813,0.6366926431655884,0.0034794704988598824,0.0026069877203553915,0,0.0005492552882060409
229,0.011254892684519291,0.03599032014608383,0.0007993588806129992,0.0003146176168229431,0,0.0006238617934286594
230,0.9809421300888062,0.0013209845637902617,0.10762045532464981,0.0016729716444388032,0,0.004472144413739443
231,0.006880144122987986,0.006492897402495146,0.000946363084949553,0.00030786660499870777,0,0.00022652052575722337
232,0.9900446534156799,0.00947436224669218,0.9855424165725708,0.004370989743620157,0,0.006093572359532118
233,0.001567162573337555,0.003250983078032732,0.004518166184425354,0.0002295955637237057,0,0.0007735987310297787
234,0.006148992571979761,0.2220403552055359,0.7063024044036865,0.00044893057201988995,0,0.0002946855966001749
235,0.003222187515348196,0.05257612466812134,0.09404720366001129,0.00022284324222709984,0,0.0003133651043754071
236,0.0020760244224220514,0.0026226332411170006,0.0006264165276661515,0.0003012917877640575,0,0.0005295306909829378
237,0.03915807604789734,0.9230650067329407,0.3461593985557556,0.0016065126983448863,0,0.0005241469480097294
238,0.01381403487175703,0.6688573956489563,0.016222409904003143,0.0015091203385964036,0,0.0007829838432371616
239,0.02672721818089485,0.6086925864219666,0.0010965738911181688,0.0017004116671159863,0,0.0005217081634327769
240,0.010634118691086769,0.007507354486733675,0.00013473504805006087,0.0008855630294419825,0,0.001198750571347773
241,0.6286695599555969,0.029088016599416733,0.00022160031949169934,0.00015741479001007974,0,0.0012719060759991407
242,0.9963197708129883,0.007910752668976784,0.012631221674382687,0.0003411551588214934,0,0.0006793089560233057
243,0.0019146993290632963,0.002411671681329608,0.000363831379218027,0.0003492932009976357,0,0.0006919904844835401
244,0.012511066161096096,0.18963655829429626,0.0005222568870522082,0.0005092050414532423,0,0.00028355958056636155
245,0.6305007934570312,0.01011098362505436,0.0003654781321529299,0.0001462419459130615,0,0.00226329336874187
246,0.9966335892677307,0.006343726068735123,0.006388774607330561,0.00040127994725480676,0,0.0009760819375514984
247,0.995740532875061,0.008022931404411793,0.008725568652153015,0.0002987252955790609,0,0.0004818685702048242
248,0.049036335200071335,0.008517328649759293,0.00023963864077813923,0.00013386679347604513,0,0.00046149719855748117
249,0.008223196491599083,0.005240929313004017,0.008623110130429268,0.8027912378311157,0,0.005106220953166485
250,0.9936396479606628,0.004232998471707106,0.0035770193208009005,0.0003413907252252102,0,0.0016412977129220963
251,0.9397612810134888,0.0037807885091751814,0.010585891082882881,0.0001454420416848734,0,0.002032348420470953
252,0.16266505420207977,0.009173219092190266,0.05228782072663307,0.987052857875824,0,0.010578296147286892
253,0.015375027433037758,0.021189875900745392,0.9925788044929504,0.005570371635258198,0,0.003760287305340171
254,0.0006693511386401951,0.0016172679606825113,0.003974853549152613,0.00018469155475031585,0,0.0006026334594935179
255,0.001019392628222704,0.0008273945422843099,0.0007817592704668641,0.0003262416576035321,0,0.0005323865916579962
256,0.0014017325593158603,0.0033313343301415443,0.00040824152529239655,0.00025708365137688816,0,0.0014781646896153688
257,0.0016169172013178468,0.003720743115991354,0.0003405504394322634,0.00023426934785675257,0,0.0015390135813504457
258,0.0009592710412107408,0.0004189068858977407,0.001970759592950344,0.0003397888212930411,0,0.0008105984888970852
259,0.006169582717120647,0.26213496923446655,0.4545630216598511,0.0038239641580730677,0,0.001194327138364315
260,0.004926310386508703,0.02685566432774067,0.0031813415698707104,0.00025176460621878505,0,0.0001461702777305618
261,0.0017115940572693944,0.016489699482917786,0.005264516919851303,0.000976033101323992,0,0.0006526762736029923
262,0.0018944371258839965,0.008131513372063637,0.0005322812939994037,0.0005528832552954555,0,0.00031693236087448895
263,0.9912276864051819,0.15387672185897827,0.0006898153806105256,0.0007898260373622179,0,0.0006743315607309341
264,0.0013685550075024366,0.03324858099222183,0.0011756086023524404,0.000873575743753463,0,0.00022454203281085938
265,0.9952560067176819,0.010551190935075283,0.008567726239562035,0.0003050890809390694,0,0.0006277397624216974
266,0.9974110722541809,0.007665537763386965,0.00511165801435709,0.0003847642510663718,0,0.0014663145411759615
267,0.006697220727801323,0.005477876868098974,0.0025994612369686365,0.6587575674057007,0,0.015980342403054237
268,0.9966979026794434,0.01747928187251091,0.001457128906622529,0.0009082408505491912,0,0.0025098463520407677
269,0.9958407282829285,0.00507678696885705,0.003985828720033169,0.0008686374640092254,0,0.0011779937194660306
270,0.0043862853199243546,0.005725562106817961,0.014526421204209328,0.2291002869606018,0,0.0013616866199299693
271,0.9716658592224121,0.010490329004824162,0.9924070239067078,0.003806164488196373,0,0.009706582874059677
272,0.002585900016129017,0.00264364224858582,0.004299618769437075,0.0005612529348582029,0,0.0004787908401340246
273,0.001019392628222704,0.0008273945422843099,0.0007817592704668641,0.0003262416576035321,0,0.0005323865916579962
274,0.002254209714010358,0.0040886192582547665,0.00022618450748268515,0.00024409710022155195,0,0.0013702877331525087
275,0.0031384292524307966,0.014030897058546543,0.00016389561642426997,0.00032047726563178003,0,0.0014683699700981379
276,0.0011503291316330433,0.00045097910333424807,0.0022258711978793144,0.00035290108644403517,0,0.0008866839343681931
277,0.0013636831426993012,0.0006746667786501348,0.0020455282647162676,0.0003290403983555734,0,0.0007285535684786737
278,0.9719790816307068,0.012167476117610931,0.0026284768246114254,0.0002423658879706636,0,0.0007652619387954473
279,0.0019313646480441093,0.006094531621783972,0.010931691154837608,0.00011892749898834154,0,0.00036293244920670986
280,0.047478921711444855,0.9613040089607239,0.010203583166003227,0.001991726690903306,0,0.0006425523315556347
281,0.034482505172491074,0.552210807800293,0.0031600254587829113,0.00027565626078285277,0,0.0002826435083989054
282,0.9919174313545227,0.006519055459648371,0.005215514916926622,0.00022677984088659286,0,0.0008712403359822929
283,0.9804303050041199,0.041563764214515686,0.38344624638557434,0.0004822140617761761,0,0.0005774711025878787
284,0.014442761428654194,0.03646963834762573,0.0008205331396311522,0.0018281213706359267,0,0.00036141928285360336
285,0.00144380668643862,0.001957902917638421,0.00036855117650702596,0.00036512690712697804,0,0.0007632083725184202
286,0.029182525351643562,0.007035017479211092,0.9704207181930542,0.002351091243326664,0,0.0033231007400900126
287,0.007107763085514307,0.004279190208762884,0.0815802738070488,0.000700591888744384,0,0.0009290639427490532
288,0.0007562130340375006,0.0005635335692204535,0.0009266730630770326,0.00037454915582202375,0,0.0006336777587421238
289,0.0017995652742683887,0.0048452094197273254,0.000290791445877403,0.0002369843132328242,0,0.0013485722010955215
290,0.00216355687007308,0.006926415488123894,0.0002654630516190082,0.00022504052321892232,0,0.0011698545422405005
291,0.0007021396304480731,0.0006490814848802984,0.002385475905612111,0.0002798951172735542,0,0.000455471541499719
292,0.0022784469183534384,0.025416383519768715,0.30180492997169495,0.00030499338754452765,0,0.0002126899198628962
293,0.02377837896347046,0.7621446847915649,0.004397932440042496,0.0008417965145781636,0,0.000555606500711292
294,0.06063301861286163,0.6434509754180908,0.00394880585372448,0.000882641994394362,0,0.0003583176003303379
295,0.9917932152748108,0.008330317214131355,0.0033313531894236803,0.00023872393649071455,0,0.0005627385689876974
296,0.004826516378670931,0.017356794327497482,0.0037076668813824654,0.00033823505509644747,0,0.0002534959639888257
297,0.9957506656646729,0.007801687344908714,0.07586323469877243,0.0003103615890722722,0,0.0007802693289704621
298,0.9759348630905151,0.016305675730109215,0.9659286141395569,0.0011039769742637873,0,0.0024159327149391174
299,0.004961743485182524,0.041340626776218414,0.9570015072822571,0.001334256841801107,0,0.0011685258941724896
300,0.0023307232186198235,0.011366558261215687,0.03832625970244408,0.0002344789681956172,0,0.00022173284378368407
301,0.0008497223607264459,0.0003965332289226353,0.002469893777742982,0.00032425991958007216,0,0.0015916615957394242
302,0.01037205196917057,0.8400588035583496,0.001792199327610433,0.0017186029581353068,0,0.00042707781540229917
303,0.008820747025310993,0.2586563229560852,0.00067038246197626,0.0005166680784896016,0,0.0003318162926007062
304,0.0705125629901886,0.002048739232122898,0.0005125096649862826,0.0001975636841962114,0,0.0017616592813283205
305,0.8863539695739746,0.007672348991036415,0.0003588924591895193,0.0002291728014824912,0,0.0009834684897214174
306,0.007557383738458157,0.04001646488904953,0.0005383749376051128,0.0003496286808513105,0,0.00033308754791505635
307,0.9298020601272583,0.0019710867200046778,0.008475176058709621,0.00010469342669239268,0,0.0008725944790057838
308,0.996412456035614,0.02622092142701149,0.03052126057446003,0.0010680584236979485,0,0.001238444005139172
309,0.9868679046630859,0.005419133231043816,0.7905831933021545,0.0006618147017434239,0,0.0018323637777939439
310,0.02191142924129963,0.019255535677075386,0.004331446718424559,8.898363739717752e-05,0,0.00025393234682269394
311,0.026051823049783707,0.39157140254974365,0.9536173939704895,0.0023449177388101816,0,0.0011534490622580051
312,0.0007562130340375006,0.0005635335692204535,0.0009266730630770326,0.00037454915582202375,0,0.0006336777587421238
313,0.0012866031611338258,0.005056238267570734,0.00028246003785170615,0.00021174497669562697,0,0.0007607188308611512
314,0.002594888675957918,0.014597982168197632,0.00032362682395614684,0.0001895864843390882,0,0.0006338130915537477
315,0.0019999470096081495,0.0009889515349641442,0.00065869081299752,0.00034453856642358005,0,0.0009812564821913838
316,0.0011676786234602332,0.0006996961310505867,0.0013193839695304632,0.00020792966824956238,0,0.0007420364418067038
317,0.0013636831426993012,0.0006746667786501348,0.0020455282647162676,0.0003290403983555734,0,0.0007285535684786737
318,0.9730057120323181,0.016938915476202965,0.0018865233287215233,0.0003212937735952437,0,0.0006656141486018896
319,0.9521074295043945,0.010403085500001907,0.0009462476591579616,0.0002215990680269897,0,0.0025220131501555443
320,0.0033757493365556,0.03377583250403404,0.3524571359157562,0.0003853874222841114,0,0.0006658482016064227
321,0.038463544100522995,0.9433437585830688,0.016352135688066483,0.003069985890761018,0,0.0006268543074838817
322,0.06430485844612122,0.002225414616987109,0.0004315031401347369,0.00026605595485307276,0,0.0015523650217801332
323,0.9595377445220947,0.5880983471870422,0.023517580702900887,0.0010987232672050595,0,0.0009800830157473683
324,0.07274428755044937,0.007031287997961044,0.000472759100375697,0.00012022598093608394,0,0.000775942811742425
325,0.9941813349723816,0.0053565953858196735,0.006332875229418278,0.0003393334918655455,0,0.0007362741162069142
326,0.9983651041984558,0.04525905102491379,0.016666993498802185,0.013948691077530384,0,0.0029387495014816523
327,0.9140017032623291,0.048003748059272766,0.9848330616950989,0.011408783495426178,0,0.0033317203633487225
328,0.024193475022912025,0.05626416578888893,0.9635445475578308,0.003711494617164135,0,0.002195511944591999
329,0.0009886124171316624,0.0007693105144426227,0.0018807280575856566,0.0002347617264604196,0,0.0005054587381891906
330,0.0031035838183015585,0.0041563366539776325,0.000251930789090693,0.00032500302768312395,0,0.0018079930450767279
331,0.0016101149376481771,0.0025613289326429367,0.0003979326575063169,0.0002467103477101773,0,0.0014766972744837403
332,0.0008368475246243179,0.0003785619337577373,0.0023481303360313177,0.0003502831095829606,0,0.001462804153561592
333,0.002700087381526828,0.020631277933716774,0.0039096614345908165,0.0002861662651412189,0,0.0002757963666226715
334,0.995858371257782,0.008329241536557674,0.015497797168791294,0.0003002686135005206,0,0.0005141035071574152
335,0.014264925383031368,0.009406709112226963,0.00020548264728859067,0.001519544399343431,0,0.0006690105656161904
336,0.005161973647773266,0.006357631180435419,0.009581364691257477,0.0010226473677903414,0,0.0007535754120908678
337,0.9959831237792969,0.0064465017057955265,0.008623248897492886,0.00025874224957078695,0,0.000552817655261606
338,0.9957155585289001,0.004829708021134138,0.0102413734421134,0.00037727050948888063,0,0.0008925828151404858
339,0.014413618482649326,0.09260797500610352,0.9938977360725403,0.00861586257815361,0,0.004946988541632891
340,0.0013414479326456785,0.01966151036322117,0.2341245859861374,0.0005701711634173989,0,0.0005767373368144035
341,0.0011681964388117194,0.004083397798240185,0.005286165978759527,0.00027647693059407175,0,0.0005464751739054918
342,0.001657214481383562,0.008375877514481544,0.0002801564696710557,0.00026491261087358,0,0.0013902956852689385
343,0.0009432223159819841,0.0007012248388491571,0.00186779978685081,0.00021472654771059752,0,0.0004286552139092237
344,0.0007333729299716651,0.000769482518080622,0.0012627069372683764,0.0003131384146399796,0,0.0009813657961785793
345,0.018043937161564827,0.9348042607307434,0.1851208359003067,0.0023968745954334736,0,0.0010764566250145435
346,0.07820980250835419,0.004644867964088917,0.0007893904112279415,7.493163866456598e-05,0,0.0009640445932745934
347,0.014058404602110386,0.6139246225357056,0.008802317082881927,0.002151600318029523,0,0.0005082478164695203
348,0.3383667767047882,0.025748630985617638,0.00027995783602818847,0.0004036242899019271,0,0.003345266915857792
349,0.9933158755302429,0.0053318259306252,0.017583735287189484,0.0002513494691811502,0,0.0005534407682716846
350,0.0031330452766269445,0.005801074206829071,0.00023577766842208803,0.00032147453748621047,0,0.0009057255811057985
351,0.0010599489323794842,0.0031189466826617718,0.0005088814068585634,0.007725351955741644,0,0.0009353225468657911
352,0.9966855645179749,0.004512587562203407,0.00781705416738987,0.0003582530189305544,0,0.0009076055139303207
353,0.16924579441547394,0.0012533307308331132,0.00035483360989019275,0.00011928650928894058,0,0.0016894820146262646
354,0.06432295590639114,0.005034565459936857,0.030854467302560806,0.9715795516967773,0,0.0051711867563426495
355,0.0016419854946434498,0.001051554223522544,0.00035261150333099067,0.0008574225939810276,0,0.001226481283083558
356,0.0009715789346955717,0.002166877267882228,0.0008131996728479862,0.0004732868983410299,0,0.0004145810380578041
357,0.009060360491275787,0.0014312602579593658,0.0003665871045086533,0.0005338335176929832,0,0.0015737975481897593
358,0.010394188575446606,0.04007519409060478,0.0017435080371797085,0.0003403462760616094,0,0.00033137432183139026
359,0.2326527088880539,0.009958181530237198,0.9926877021789551,0.7467525601387024,0,0.0274505652487278
360,0.0008888714364729822,0.0026880581863224506,0.0014479539822787046,0.0004010644624941051,0,0.00030501955188810825
361,0.00570095656439662,0.1211923137307167,0.0017005694098770618,0.0002553350932430476,0,0.000525527517311275
362,0.0026032435707747936,0.029490256682038307,0.00042936785030178726,0.0002590433578006923,0,0.0006282086833380163
363,0.0008714752621017396,0.0004052665317431092,0.0025026381481438875,0.0003214791649952531,0,0.0016292762011289597
364,0.002133778063580394,0.0004866347007919103,0.0004853044811170548,0.0002969935885630548,0,0.002120197983458638
365,0.0044351923279464245,0.24105677008628845,0.0008121379069052637,0.0022891401313245296,0,0.0002458455564919859
366,0.0016835948918014765,0.006479226052761078,0.0006531488033942878,0.0002419687807559967,0,0.0004399240424390882
367,0.011716164648532867,0.1350293606519699,0.0018407412571832538,0.004405147861689329,0,0.0006770383915863931
368,0.99540114402771,0.04985543340444565,0.009269925765693188,0.00027875209343619645,0,0.000460423732874915
369,0.9952335953712463,0.007120829075574875,0.018043115735054016,0.00036699429620057344,0,0.0006010024808347225
370,0.00967564806342125,0.010361314751207829,0.0002769723942037672,0.0011162981390953064,0,0.0026912137400358915
371,0.0054898448288440704,0.2405584454536438,0.0005722511559724808,0.00022966564574744552,0,0.0006012153462506831
372,0.03934939205646515,0.0325525663793087,0.001401438843458891,0.00010159437806578353,0,0.0002722939825616777
373,0.0013642418198287487,0.0008840608061291277,0.0015279061626642942,0.00023410457652062178,0,0.0005306271486915648
374,0.0011104504810646176,0.0004112433234695345,0.002165046986192465,0.0003416936961002648,0,0.0009554798016324639
375,0.005045722704380751,0.2677168846130371,0.15058360993862152,0.002707380335777998,0,0.0017295887228101492
376,0.9954438209533691,0.14748553931713104,0.01416308805346489,0.05831904709339142,0,0.00408361479640007
377,0.010434146039187908,0.15916696190834045,0.002862023888155818,0.00014996890968177468,0,0.00022368792269844562
378,0.9915801882743835,0.006247884128242731,0.822638750076294,0.833209216594696,0,0.10995521396398544
379,0.0009791342308744788,0.0027122236788272858,0.016281789168715477,0.00048765348037704825,0,0.00095649209106341
380,0.001058569410815835,0.0022324868477880955,0.006025092210620642,0.00013131272862665355,0,0.00025889030075632036
381,0.0015756343491375446,0.001387446653097868,0.015869539231061935,0.00021333619952201843,0,0.0005677990266121924
382,0.0009886124171316624,0.0007693105144426227,0.0018807280575856566,0.0002347617264604196,0,0.0005054587381891906
383,0.002238304354250431,0.008574655279517174,0.00021198859030846506,0.00025014334823936224,0,0.001195832621306181
384,0.0023368464317172766,0.008831200189888477,0.00019815396808553487,0.00023804572992958128,0,0.0010800337186083198
385,0.9098656177520752,0.005904199555516243,0.0010026018135249615,0.00018833715876098722,0,0.006398046854883432
386,0.0007840937469154596,0.0005224461201578379,0.0022302765864878893,0.0003603762888815254,0,0.000578664243221283
387,0.015419106930494308,0.5895922780036926,0.3942086100578308,0.0006239447393454611,0,0.0002447484584990889
388,0.04326760023832321,0.5820499658584595,0.8290848731994629,0.005102141760289669,0,0.0011446909047663212
389,0.001244975603185594,0.030015097931027412,0.005491412244737148,0.000929175119381398,0,0.0002340608334634453
390,0.023242980241775513,0.004354645498096943,0.0008395190234296024,0.00014628531062044203,0,0.0004068471898790449
391,0.990086019039154,0.019194774329662323,0.0008271206170320511,0.0004611696058418602,0,0.0006708669243380427
392,0.9974741339683533,0.005598671268671751,0.03149938955903053,0.0005198389408178627,0,0.000877426820807159
393,0.9701842665672302,0.004534443840384483,0.9819197058677673,0.002626703819260001,0,0.0029495966155081987
394,0.02102634683251381,0.016958754509687424,0.9932736158370972,0.004325411282479763,0,0.002950492547824979
395,0.0011183710303157568,0.0006975203868933022,0.0008054617210291326,0.0003171690332237631,0,0.0007520273211412132
396,0.0028464181814342737,0.020036952570080757,0.00020741444313898683,0.0003204467357136309,0,0.0015708041610196233
397,0.0015398288378491998,0.00406743073835969,0.0002760997449513525,0.00024987946380861104,0,0.0013710304629057646
398,0.001193302683532238,0.0004468114930205047,0.002165738493204117,0.0003620208299253136,0,0.0009093343978747725
399,0.022826822474598885,0.8748512864112854,0.020223133265972137,0.0014596155378967524,0,0.0004181841213721782
400,0.0006951824179850519,0.0011546281166374683,0.0011325775412842631,0.00045510867494158447,0,0.0005933246575295925
401,0.0023191969376057386,0.0016567111015319824,0.00035854821908287704,0.00036974201793782413,0,0.0006963759660720825
402,0.9970098733901978,0.004113039467483759,0.037599749863147736,0.0034044997300952673,0,0.005527007393538952
403,0.9912257790565491,0.008029650896787643,0.9750540256500244,0.0029758401215076447,0,0.004799622111022472
404,0.00117533712182194,0.004141445737332106,0.0026740741450339556,0.0012951085809618235,0,0.00047393678687512875
405,0.002830670215189457,0.004617602098733187,0.0003407025651540607,0.00015892766532488167,0,0.0003731275210157037
406,0.001836337149143219,0.0019511646823957562,0.0006037494167685509,0.0006274168263189495,0,0.0005535428645089269
407,0.0454774908721447,0.0010814680717885494,0.0007274543168023229,0.00038550535100512207,0,0.0008596358238719404
408,0.7227053046226501,0.002265354385599494,0.0012014014646410942,0.00048439865349791944,0,0.0018684497335925698
409,0.0027168288361281157,0.0014068679884076118,0.00028761071735061705,0.0003537283046171069,0,0.0014070227043703198
410,0.001238731318153441,0.00622602878138423,0.0009299519006162882,0.0003744725545402616,0,0.00034365104511380196
411,0.9962226152420044,0.006610217969864607,0.020519305020570755,0.0002930709160864353,0,0.0007269927300512791
412,0.9947667121887207,0.0034370797220617533,0.006946607027202845,0.00034494444844312966,0,0.0008294900180771947
413,0.9899488687515259,0.004102375358343124,0.0026417660992592573,0.00031006080098450184,0,0.0008202993776649237
414,0.0009886124171316624,0.0007693105144426227,0.0018807280575856566,0.0002347617264604196,0,0.0005054587381891906
415,0.001567072351463139,0.019636739045381546,0.00039697650936432183,0.0001856635499279946,0,0.0005252344999462366
416,0.008394655771553516,0.16194650530815125,0.0009428113116882741,0.00031858004513196647,0,0.0008929477771744132
417,0.9086485505104065,0.00916792917996645,0.0018613046268001199,0.00031544864759780467,0,0.004641678649932146
418,0.0015391419874504209,0.0003328421735204756,0.0018575090216472745,0.0005897459341213107,0,0.0016419863095507026
419,0.0013636831426993012,0.0006746667786501348,0.0020455282647162676,0.0003290403983555734,0,0.0007285535684786737
420,0.9706191420555115,0.01355320867151022,0.0020303232595324516,0.00023382619838230312,0,0.0008358883205801249
421,0.020094875246286392,0.8447412252426147,0.00226849177852273,0.0010284875752404332,0,0.00040151376742869616
422,0.9968022108078003,0.008356497623026371,0.002935102442279458,0.0007461480563506484,0,0.002368676010519266
423,0.0022601771634072065,0.005064414814114571,0.00031130213756114244,0.00029051906312815845,0,0.0004367373767308891
424,0.003216178622096777,0.003510807640850544,0.00046828051563352346,0.0005169644136913121,0,0.0011900466633960605
425,0.0007760289590805769,0.0019217381486669183,0.0007350024534389377,0.0008418943616561592,0,0.0007307957857847214
426,0.0026120971888303757,0.0013838123995810747,0.0002158221905119717,0.0003855746181216091,0,0.0011242582695558667
427,0.07002023607492447,0.009945477358996868,0.028416598215699196,0.9862819314002991,0,0.007289953995496035
428,0.0017990805208683014,0.0010166555875912309,0.0003413059748709202,0.00044651105417869985,0,0.002305123023688793
429,0.9869158267974854,0.010940469801425934,0.9740091562271118,0.0020801883656531572,0,0.003618096001446247
430,0.0021753457840532064,0.0012041620211675763,0.09208917617797852,0.00303080165758729,0,0.0021079175639897585
431,0.0007562130340375006,0.0005635335692204535,0.0009266730630770326,0.00037454915582202375,0,0.0006336777587421238
432,0.003411689307540655,0.03788261115550995,0.0002341978979529813,0.00025362943415530026,0,0.0009049949585460126
433,0.0035392025019973516,0.012605521827936172,0.0002069434995064512,0.0002724656369537115,0,0.0012845926685258746
434,0.001922448049299419,0.00036410114262253046,0.0007639028481207788,0.0004461473145056516,0,0.002844333415850997
435,0.8440825343132019,0.9038649797439575,0.7742218971252441,0.017257781699299812,0,0.006829586811363697
436,0.01214256975799799,0.6793161034584045,0.01428548526018858,0.005325904581695795,0,0.00039405556162819266
437,0.01389696728438139,0.11683060973882675,0.0940406396985054,0.0002852567413356155,0,0.00018705488764680922
438,0.17157529294490814,0.1253935694694519,0.03140145167708397,0.0034156145993620157,0,0.0008326504612341523
439,0.0018642561044543982,0.01447632908821106,0.0009176215971820056,0.015928633511066437,0,0.000515442225150764
440,0.09706493467092514,0.020364435389637947,0.0011414639884606004,0.0008761314675211906,0,0.0015440506394952536
441,0.0088927848264575,0.007067833095788956,0.005701218266040087,0.0004091382143087685,0,0.0015424465527758002
442,0.9977124929428101,0.008232434280216694,0.005722599104046822,0.00390990125015378,0,0.005057171918451786
443,0.1856655478477478,0.03968258202075958,0.07336889952421188,0.08033805340528488,0,0.9923142790794373
444,0.24954569339752197,0.003982133697718382,0.16225701570510864,0.01760084368288517,0,0.932837963104248
445,0.008342824876308441,0.09105324745178223,0.1347399801015854,0.0002108442276949063,0,0.00030537776183336973
446,0.031299885362386703,0.0020441494416445494,0.007127560209482908,0.5743964910507202,0,0.08909448236227036
447,0.9845201373100281,0.005447288043797016,0.030494926497340202,0.022344399243593216,0,0.20970438420772552
448,0.00417339988052845,0.0835825651884079,0.543538510799408,0.00025100939092226326,0,0.0002711898123379797
449,0.06248657777905464,0.010837034322321415,0.9837168455123901,0.025058530271053314,0,0.19468611478805542
450,0.0024073815438896418,0.01074785552918911,0.000254003272857517,0.0002732807188294828,0,0.0014736158773303032
451,0.0007630217587575316,0.0004022534121759236,0.00248396466486156,0.000324239517794922,0,0.00117013871204108
452,0.0010630737524479628,0.0010477084433659911,0.0012695996556431055,0.00022731001081410795,0,0.0004492542357183993
453,0.0013636831426993012,0.0006746667786501348,0.0020455282647162676,0.0003290403983555734,0,0.0007285535684786737
454,0.9203214049339294,0.007320123724639416,0.0006213819142431021,0.00031794802634976804,0,0.004328995943069458
455,0.9655914902687073,0.011646746657788754,0.0013593608746305108,0.0003442699962761253,0,0.002275755861774087
456,0.004405894782394171,0.07776283472776413,0.27305230498313904,0.00020139131811447442,0,0.0002516659733373672
457,0.47276031970977783,0.9899481534957886,0.03297411650419235,0.005515686236321926,0,0.0023578910622745752
458,0.9964838027954102,0.008592339232563972,0.013971204869449139,0.0006086117355152965,0,0.0014729005051776767
459,0.1931898146867752,0.012283026240766048,0.0004926261026412249,7.255496166180819e-05,0,0.0005237282603047788
460,0.00228694686666131,0.0016421729233115911,0.0006287864525802433,0.0010849377140402794,0,0.0006603382644243538
461,0.9965171813964844,0.04568355157971382,0.00645219162106514,0.00033004762372002006,0,0.0005925419391132891
462,0.9930055737495422,0.004971575457602739,0.0046502696350216866,0.00026544000138528645,0,0.0007100322982296348
463,0.006556290667504072,0.0014680420281365514,0.00022376043489202857,0.00021969978115521371,0,0.0022146115079522133
464,0.005572111811488867,0.0008464910206384957,0.04455180466175079,0.0011848638532683253,0,0.015085913240909576
465,0.001418783445842564,0.0031411992385983467,0.1660655289888382,0.0003731915494427085,0,0.000581675732973963
466,0.0009886124171316624,0.0007693105144426227,0.0018807280575856566,0.0002347617264604196,0,0.0005054587381891906
467,0.0016218888340517879,0.007456288207322359,0.0002531095815356821,0.00020708701049443334,0,0.0009447797201573849
468,0.0029601689893752337,0.01916142925620079,0.0001695191749604419,0.0002793659223243594,0,0.0011032914044335485
469,0.0007291655638255179,0.00155796785838902,0.00493333674967289,0.00019572488963603973,0,0.00031389345531351864
470,0.0008368475246243179,0.0003785619337577373,0.0023481303360313177,0.0003502831095829606,0,0.001462804153561592
471,0.0026465896517038345,0.010455870069563389,0.005958354100584984,0.00010155369091080502,0,0.00029173115035519004
472,0.016232047230005264,0.5947871804237366,0.31884145736694336,0.0005635225679725409,0,0.0003267951251473278
473,0.06291665136814117,0.9381080269813538,0.014214239083230495,0.0028598892968147993,0,0.001064305892214179
474,0.0053795697167515755,0.1670503318309784,0.0005772451986558735,0.0003449055948294699,0,0.00024316816416103393
475,0.0034550221171230078,0.0011326957028359175,0.0015179839683696628,0.00014765109517611563,0,0.0005834316252730787
476,0.0031095698941498995,0.00784237589687109,0.00045264451182447374,0.0002911384799517691,0,0.00024685528478585184
477,0.9940057992935181,0.00882574263960123,0.0028940881602466106,0.0002144760946976021,0,0.0006842917064204812
478,0.6264458298683167,0.008746632374823093,0.0004422698693815619,0.0004352435062173754,0,0.04437953233718872
479,0.9938866496086121,0.006298464257270098,0.037014201283454895,0.0001979077496798709,0,0.0006482441676780581
480,0.008247732184827328,0.0036546022165566683,0.0003441367589402944,0.0008619713480584323,0,0.0015936011914163828
481,0.9893625378608704,0.0037186197005212307,0.0022097257897257805,0.00022052077110856771,0,0.0011114716762676835
482,0.9910457730293274,0.003076302818953991,0.07033749669790268,0.0002475413784850389,0,0.0009859828278422356
483,0.9946655035018921,0.005289265885949135,0.02303464524447918,0.0002585195761639625,0,0.0007449956028722227
484,0.9922235608100891,0.0310512688010931,0.8086825609207153,0.0010132644092664123,0,0.0015613834839314222
485,0.0025835493579506874,0.00278516230173409,0.0007142567192204297,0.00019478787726256996,0,0.0002796633052639663
486,0.000748904887586832,0.0003914184926543385,0.002321970649063587,0.0003699437074828893,0,0.0013478845357894897
487,0.0059700291603803635,0.01187214720994234,0.0010067615658044815,0.00024324629339389503,0,0.00040218050708062947
488,0.008038102649152279,0.37159299850463867,0.05354909971356392,0.0004950364236719906,0,0.0002485656877979636
489,0.0025620989035815,0.019519595429301262,0.00044623305439017713,0.0002931407652795315,0,0.00035288743674755096
490,0.04772961884737015,0.17121249437332153,0.0005929724429734051,0.00020423118257895112,0,0.00044435643940232694
491,0.9934386610984802,0.009222615510225296,0.007917825132608414,0.00017520030087325722,0,0.00048659968888387084
492,0.9931469559669495,0.009382236748933792,0.010266165249049664,0.00015660068311262876,0,0.0005292658461257815
493,0.997026264667511,0.01055463682860136,0.0073918732814490795,0.000406378589104861,0,0.0006117296288721263
494,0.9950206279754639,0.0036654530558735132,0.10764041543006897,0.00036243521026335657,0,0.00143351498991251
495,0.994498074054718,0.004637338686734438,0.39238694310188293,0.0004600328393280506,0,0.00153088360093534
496,0.9866504669189453,0.007646601181477308,0.9709157347679138,0.0018539566081017256,0,0.0032747313380241394
497,0.002526565920561552,0.0008826598059386015,0.061070069670677185,0.0003569148248061538,0,0.001419134670868516
498,0.0008621467859484255,0.000995852635242045,0.0022784576285630465,0.00027242174837738276,0,0.0004013363504782319
499,0.0013636831426993012,0.0006746667786501348,0.0020455282647162676,0.0003290403983555734,0,0.0007285535684786737
500,0.9638575911521912,0.011098124086856842,0.0007477707113139331,0.0005486122681759298,0,0.005284879822283983
501,0.001064001233316958,0.0004291305085644126,0.0018935357220470905,0.00044881567009724677,0,0.0017097522504627705
502,0.9386042952537537,0.008566277101635933,0.0005271039553917944,0.0005667058285325766,0,0.009364282712340355
503,0.9555474519729614,0.0065305717289447784,0.000847180956043303,0.0006760477554053068,0,0.010995350778102875
504,0.17802868783473969,0.0568278431892395,0.10607753694057465,0.08249562978744507,0,0.970003068447113
505,0.1761990189552307,0.15777383744716644,0.012212433852255344,0.010235869325697422,0,0.00968160293996334
506,0.006888107862323523,0.012320945970714092,0.885293185710907,0.0008033984922803938,0,0.001791922957636416
507,0.0007562130340375006,0.0005635335692204535,0.0009266730630770326,0.00037454915582202375,0,0.0006336777587421238
508,0.0032019494101405144,0.0358918234705925,0.0002771008003037423,0.00020353638683445752,0,0.0008153065573424101
509,0.00732066435739398,0.12109899520874023,0.00040051809628494084,0.0002211440005339682,0,0.0005903642741031945
510,0.000838163890875876,0.0003933655680157244,0.002940605627372861,0.00029108714079484344,0,0.001275232178159058
511,0.0013325929176062346,0.0008645891794003546,0.0010653533972799778,0.0002087980683427304,0,0.0005758302286267281
512,0.0008282125345431268,0.0003880324657075107,0.002304992638528347,0.00034224841510877013,0,0.0014849917497485876
513,0.9708922505378723,0.01582307554781437,0.001752495882101357,0.000330199021846056,0,0.0007954801549203694
514,0.0011585276806727052,0.0003575075534172356,0.0008728497195988894,0.0007296799449250102,0,0.00275579490698874
515,0.9625544548034668,0.05051508545875549,0.0009438238339498639,0.0001417869789293036,0,0.0003899697039742023
516,0.3535374402999878,0.0022405206691473722,0.00023293452977668494,0.00015234574675559998,0,0.0008219514857046306
517,0.9965466856956482,0.007914084009826183,0.030362432822585106,0.000442367309005931,0,0.0007740470464341342
518,0.9755842685699463,0.0010485732927918434,0.061396077275276184,0.0003016156842932105,0,0.001890472136437893
519,0.9321298003196716,0.009436926804482937,0.9898809790611267,0.002783204196020961,0,0.0028477609157562256
520,0.0024866622406989336,0.0031608338467776775,0.5781400203704834,0.0004332051321398467,0,0.0005801146035082638
521,0.0017583802109584212,0.0015656845644116402,0.0007862501661293209,0.0001613063068361953,0,0.00043869452201761305
522,0.001833567745052278,0.008294005878269672,0.00026103571872226894,0.00020279041200410575,0,0.0009676472400315106
523,0.0014914689818397164,0.004718490410596132,0.0002624469343572855,0.00022326728503685445,0,0.0011343457736074924
524,0.0010980645893141627,0.0007540927035734057,0.00575189059600234,0.0001605046563781798,0,0.0007041274220682681
525,0.0009560234029777348,0.00045331165893003345,0.0016351473750546575,0.00034851202508434653,0,0.0007443569484166801
526,0.002928222296759486,0.0015856503741815686,0.0006053116521798074,0.00012904673349112272,0,0.0009490882512181997
527,0.0014705094508826733,0.011889236979186535,0.000796071661170572,0.00307840621098876,0,0.0002178144350182265
528,0.0022011224646121264,0.0017128631006926298,0.0005687547381967306,0.002026390051469207,0,0.0006568694370798767
529,0.0018922188319265842,0.0019830800592899323,0.0005625981139019132,0.0007153524202294648,0,0.0008811589796096087
530,0.016891198232769966,0.08260292559862137,0.0001740359584800899,0.0007459280313923955,0,0.0008941891137510538
531,0.0015710112638771534,0.0007588808075524867,0.00029044426628388464,0.0006372892530634999,0,0.001145574962720275
532,0.02493029460310936,0.0011555033270269632,0.00021313369506970048,0.0006666388362646103,0,0.0014055067440494895
533,0.003996825311332941,0.0009677232592366636,0.0002844230330083519,0.0003057888534385711,0,0.0008038055384531617
534,0.9962887763977051,0.01163717731833458,0.00428702961653471,0.0002974832896143198,0,0.0007194095524027944
535,0.9947665929794312,0.0033767472486943007,0.005792332347482443,0.00043925753561779857,0,0.001784115331247449
536,0.07751746475696564,0.004630344454199076,0.07425559312105179,0.9819114804267883,0,0.008337284438312054
537,0.04115665331482887,0.7570882439613342,0.013315866701304913,0.00046683201799169183,0,0.0003051396633964032
538,0.0018890980863943696,0.0017473548650741577,0.00035605006269179285,0.0003913368273060769,0,0.0007669224869459867
539,0.9621821641921997,0.012734603136777878,0.9930883049964905,0.0037843105383217335,0,0.0060346233658492565
540,0.0020317421294748783,0.046187203377485275,0.0286241564899683,0.0004255007079336792,0,0.00039420643588528037
541,0.0011183710303157568,0.0006975203868933022,0.0008054617210291326,0.0003171690332237631,0,0.0007520273211412132
542,0.005320186261087656,0.02548670396208763,0.00015409471234306693,0.0004354113480076194,0,0.0018670478602871299
543,0.004175079055130482,0.015037471428513527,0.0001747101778164506,0.0002657230943441391,0,0.001108847907744348
544,0.0008341628708876669,0.0003888258070219308,0.003566561732441187,0.00028666926664300263,0,0.0010310702491551638
545,0.08632094413042068,0.9611225128173828,0.07871562987565994,0.005139949731528759,0,0.0012114038690924644
546,0.005223709624260664,0.22086508572101593,0.0006043735193088651,0.0018655272433534265,0,0.0006427143234759569
547,0.0013210739707574248,0.0027217334136366844,0.0007171020843088627,0.001713982899673283,0,0.0010818111477419734
548,0.009113357402384281,0.1544647216796875,0.0004290321667212993,0.0010490159038454294,0,0.0003776758967433125
549,0.9952606558799744,0.008309352211654186,0.026574306190013885,0.00030487155891023576,0,0.0007543848478235304
550,0.012338070198893547,0.008089718408882618,0.0003098681045230478,0.0001323385804425925,0,0.0005244544008746743
551,0.006157898809760809,0.026873165741562843,0.00013529624266084284,0.00125608139205724,0,0.0008461249526590109
552,0.9954427480697632,0.004195216111838818,0.0675710067152977,0.00044326428906060755,0,0.0008874052437022328
553,0.001982820685952902,0.0020147075410932302,0.0010389303788542747,0.03310655429959297,0,0.0007441597990691662
554,0.0040871803648769855,0.022010140120983124,0.08280539512634277,0.001396206091158092,0,0.0016160175437107682
555,0.001019392628222704,0.0008273945422843099,0.0007817592704668641,0.0003262416576035321,0,0.0005323865916579962
556,0.001217506593093276,0.003126265946775675,0.0003912694810424,0.00023775495355948806,0,0.001425722031854093
557,0.0012779521057382226,0.0033825982827693224,0.0003474736586213112,0.0002240768662886694,0,0.0014580083079636097
558,0.0008134599775075912,0.0004135738709010184,0.0027650240808725357,0.0002950698835775256,0,0.0012093522818759084
559,0.5259348750114441,0.9854902029037476,0.05636145919561386,0.016240006312727928,0,0.004424746613949537
560,0.6828639507293701,0.04422249644994736,0.4745232164859772,0.9919477105140686,0,0.03674814850091934
561,0.0020333263091742992,0.0004249447665642947,0.002503919182345271,0.00012645070091821253,0,0.0009235931793227792
562,0.0008210806990973651,0.0030377383809536695,0.0681622102856636,0.00019282926223240793,0,0.0003963227500207722
563,0.0009365263395011425,0.005529070273041725,0.050375137478113174,0.00022027028899174184,0,0.000541988352779299
564,0.001085117575712502,0.004612859804183245,0.051629096269607544,0.00023816399334464222,0,0.0006071776733733714
565,0.0008348336559720337,0.0018532577669247985,0.0613475926220417,0.00023748532112222165,0,0.0004349143709987402
566,0.0038388678804039955,0.03610946238040924,0.0005803994718007743,0.0009984904900193214,0,0.00036555289989337325
567,0.15544919669628143,0.0008767019025981426,0.00032566426671110094,0.0001289625943172723,0,0.0014034896157681942
568,0.01808466762304306,0.046495527029037476,0.0021590229589492083,0.005938869901001453,0,0.0011940747499465942
569,0.9885932207107544,0.013104141689836979,0.001608962775208056,0.0007719572749920189,0,0.0008901890250854194
570,0.9532124400138855,0.004321123007684946,0.0004902719520032406,0.00048594403779134154,0,0.001273696543648839
571,0.08711809664964676,0.0006703377584926784,0.01831931062042713,0.0006685574189759791,0,0.005228388123214245
572,0.6888301372528076,0.016983702778816223,0.9568403363227844,0.002113410271704197,0,0.0022366459015756845
573,0.03108840249478817,0.007104633841663599,0.8117879033088684,0.0012911841040477157,0,0.0024170109536498785
574,0.00477207824587822,0.0007694564992561936,0.01958286017179489,0.0013449793914332986,0,0.1737896353006363
575,0.0037694601342082024,0.04024561494588852,0.7972246408462524,0.0004277160333003849,0,0.0005005770362913609
576,0.0011938809184357524,0.00032309131347574294,0.002018179278820753,0.00027052947552874684,0,0.0010896091116592288
577,0.9643785357475281,0.01625813916325569,0.0010557218920439482,0.0002955195086542517,0,0.0011372376466169953
578,0.9478964805603027,0.017367329448461533,0.0010034025181084871,0.0002720586198847741,0,0.0008883046102710068
579,0.001441568718291819,0.002300018211826682,0.0016444048378616571,0.00023006934497971088,0,0.0005358706694096327
580,0.0007251021452248096,0.0016296656103804708,0.0018240867648273706,0.00024739038781262934,0,0.0005198538419790566
581,0.019950758665800095,0.014359763823449612,0.0012934025144204497,0.00011401904339436442,0,0.0002892788907047361
582,0.0013636831426993012,0.0006746667786501348,0.0020455282647162676,0.0003290403983555734,0,0.0007285535684786737
583,0.9522237777709961,0.010794593952596188,0.0009510598029009998,0.0003596355963964015,0,0.0030636717565357685
584,0.9638920426368713,0.0196482352912426,0.001423385227099061,0.0004137994546908885,0,0.0013944488018751144
585,0.0012186928652226925,0.013378629460930824,0.0007335969130508602,0.003179709194228053,0,0.0003687284770421684
586,0.12761272490024567,0.936262309551239,0.0033423604909330606,0.0009864098392426968,0,0.0005585552426055074
587,0.9949080348014832,0.01509921159595251,0.004244666080921888,0.00022394910047296435,0,0.0005485430010594428
588,0.0032918183133006096,0.023143667727708817,0.00039624320925213397,0.00018375951913185418,0,0.0005502370186150074
589,0.9959931373596191,0.00741984136402607,0.016097059473395348,0.00026906427228823304,0,0.0005201274179853499
590,0.06285499036312103,0.007110520265996456,0.02453487180173397,0.9831218123435974,0,0.006537267472594976
591,0.004930851981043816,0.013092896901071072,0.0002957176766358316,0.00017110625049099326,0,0.0003789904003497213
592,0.9950944185256958,0.004062238149344921,0.011718849651515484,0.00024533417308703065,0,0.0006669193389825523
593,0.9953142404556274,0.005402452778071165,0.037109434604644775,0.00022130725847091526,0,0.000804406707175076
594,0.0006682649836875498,0.000580962048843503,0.0026823144871741533,0.00036911320057697594,0,0.0014337353641167283
595,0.0014881102833896875,0.0015777091030031443,0.0754869356751442,0.0011590105714276433,0,0.001505990861915052
596,0.0007562130340375006,0.0005635335692204535,0.0009266730630770326,0.00037454915582202375,0,0.0006336777587421238
597,0.013851717114448547,0.21000799536705017,0.000580985622946173,0.0002535058883950114,0,0.0006632901495322585
598,0.0027953069657087326,0.0561244897544384,0.0002698717580642551,0.0001979400112759322,0,0.0004986064159311354
599,0.0010031855199486017,0.0005081153358332813,0.0013083540834486485,0.0003595929592847824,0,0.0007440945482812822
600,0.0013636831426993012,0.0006746667786501348,0.0020455282647162676,0.0003290403983555734,0,0.0007285535684786737
601,0.9394113421440125,0.023522619158029556,0.0011994312517344952,0.0003251787566114217,0,0.0006109285168349743
602,0.0021791935432702303,0.017813030630350113,0.023990970104932785,0.0001432900462532416,0,0.0002815845946315676
603,0.0084548844024539,0.20753850042819977,0.0002860631502699107,0.0006475120899267495,0,0.00037690799217671156
604,0.9934619665145874,0.007693491410464048,0.0023138336837291718,0.0002669796231202781,0,0.0007407699595205486
605,0.0014825586695224047,0.0021298767533153296,0.000328924652421847,0.00038178529939614236,0,0.0004771899548359215
606,0.9944276809692383,0.007584200240671635,0.002185109304264188,0.0002838105720002204,0,0.0006745224818587303
607,0.9948780536651611,0.0038669586647301912,0.05005304142832756,0.00027310021687299013,0,0.0010042570065706968
608,0.9922338724136353,0.008332806639373302,0.5972793698310852,0.000691718771122396,0,0.001062156050466001
609,0.0009886124171316624,0.0007693105144426227,0.0018807280575856566,0.0002347617264604196,0,0.0005054587381891906
610,0.0019287558970972896,0.006524211727082729,0.0002754424058366567,0.0002059172693407163,0,0.0010397437727078795
611,0.0023875636979937553,0.006399126257747412,0.00023385562235489488,0.00025908093084581196,0,0.0014689986128360033
612,0.000943894381634891,0.00045556770055554807,0.002072722651064396,0.00038954001502133906,0,0.0008649055962450802
613,0.0013636831426993012,0.0006746667786501348,0.0020455282647162676,0.0003290403983555734,0,0.0007285535684786737
614,0.9819246530532837,0.01362164132297039,0.0027384236454963684,0.000224035611608997,0,0.0006038802675902843
615,0.9303984045982361,0.01210570428520441,0.0006294366903603077,0.0002922464336734265,0,0.002989798318594694
616,0.05563262850046158,0.8994346857070923,0.0030858053360134363,0.0008790091960690916,0,0.0004668149340432137
617,0.0024954848922789097,0.007064748089760542,0.0002414504997432232,0.0002541537396609783,0,0.00044768163934350014
618,0.9963856935501099,0.012646127492189407,0.016155919060111046,0.00026245470508001745,0,0.0006769887404516339
619,0.026275277137756348,0.09265700727701187,0.0005662859766744077,0.0002879698877222836,0,0.00032205897150561213
620,0.002878553234040737,0.02842790074646473,0.0006946691428311169,0.00021330814342945814,0,0.0004210680490359664
621,0.996659517288208,0.00817388016730547,0.015247548930346966,0.00031975976889953017,0,0.0012546106008812785
622,0.002303261775523424,0.011764590628445148,0.005027261562645435,0.0003461476298980415,0,0.0004947595880366862
623,0.005106745287775993,0.0037611231673508883,0.0006815869710408151,0.001041372655890882,0,0.000577605445869267
624,0.9947769641876221,0.006959866266697645,0.08009719848632812,0.00040304253343492746,0,0.000686861400026828
625,0.0006593777216039598,0.0017086358275264502,0.00038133119232952595,0.0003182697982992977,0,0.0006455056136474013
626,0.003723298665136099,0.033849406987428665,0.6474977731704712,0.000593872566241771,0,0.00039684257353655994
627,0.0007562130340375006,0.0005635335692204535,0.0009266730630770326,0.00037454915582202375,0,0.0006336777587421238
628,0.0029135991353541613,0.010545363649725914,0.0002138575800927356,0.00025830400409176946,0,0.001332041691057384
629,0.0029901054222136736,0.014418617822229862,0.00022751925280317664,0.00024121621390804648,0,0.0011863246327266097
630,0.0013704763259738684,0.0010386077919974923,0.0006133008864708245,0.0002045851288130507,0,0.00057874561753124
631,0.006690384354442358,0.3318268656730652,0.0005746136885136366,0.0004883708315901458,0,0.0003361726412549615
632,0.006347754970192909,0.001524358056485653,0.0006458699353970587,0.00014301337068900466,0,0.0004343790642451495
633,0.0016377362189814448,0.0032589284237474203,0.00038273222162388265,0.0006137069431133568,0,0.000593285309150815
634,0.007619962561875582,0.11212920397520065,0.000995389185845852,0.0003739228122867644,0,0.00017762568313628435
635,0.9965993762016296,0.007428566459566355,0.045141078531742096,0.00038858529296703637,0,0.0010934679303318262
636,0.007204697001725435,0.0008911886834539473,0.0004981204983778298,0.00010860033216886222,0,0.0009894727263599634
637,0.0015894657699391246,0.000884953245986253,0.0005443862755782902,0.00020567572209984064,0,0.001100783934816718
638,0.8651830554008484,0.002941104816272855,0.0010552683379501104,0.00013177933578845114,0,0.0006366467569023371
639,0.015099083073437214,0.0009509228984825313,0.0004903633380308747,9.009549103211612e-05,0,0.0010807439684867859
640,0.0009573185816407204,0.0012616736348718405,0.000785386364441365,0.00018842268036678433,0,0.0008258982561528683
641,0.9958699345588684,0.005685027688741684,0.012628462165594101,0.0005298046162351966,0,0.0006465649348683655
642,0.004850010387599468,0.0003869829815812409,0.0008968252222985029,0.00014144991291686893,0,0.001688145101070404
643,0.001486942288465798,0.0009758379892446101,0.00037076245644129813,0.0002144452155334875,0,0.0011491593904793262
644,0.0032376344315707684,0.00044838208123110235,0.0010072533041238785,0.00012041033915011212,0,0.0014727419475093484
645,0.0013583727413788438,0.0010173686314374208,0.0005156273255124688,0.0002048259775619954,0,0.000986361992545426
646,0.985365092754364,0.007925795391201973,0.9846735000610352,0.002517551416531205,0,0.006809141021221876
647,0.0014319331385195255,0.0018512390088289976,0.027257531881332397,0.0002305161760887131,0,0.0007276505930349231
648,0.001887417514808476,0.0028557965997606516,0.00432261498644948,6.982022023294121e-05,0,0.0002778987109195441
649,0.001565120997838676,0.0009133186540566385,0.0004588101292029023,0.00021341392130125314,0,0.001062980154529214
650,0.0008390340371988714,0.0004254765808582306,0.0025140605866909027,0.0003282777324784547,0,0.001518049743026495
651,0.965503454208374,0.5914498567581177,0.0014819158241152763,0.0008183557656593621,0,0.0011270649265497923
652,0.018644137308001518,0.44208812713623047,0.01829131692647934,0.00022878464369568974,0,0.00025808243663050234
653,0.9953109622001648,0.008196053095161915,0.403992235660553,0.001575905247591436,0,0.0032406053505837917
654,0.005224384367465973,0.17188677191734314,0.016557952389121056,0.0002794511092361063,0,0.00018967146752402186
655,0.012348725460469723,0.013470779173076153,0.969569742679596,0.006008201744407415,0,0.005051090382039547
656,0.0019962992519140244,0.012345551513135433,0.0021343121770769358,0.00022663609706796706,0,0.0002189970255130902
657,0.003156777936965227,0.003606209997087717,0.15838901698589325,0.00027480002609081566,0,0.0009878568816930056
658,0.0014103066641837358,0.0006748549058102071,0.005765517242252827,0.00026427212287671864,0,0.0016822618199512362
659,0.0027933630626648664,0.0032946246210485697,0.0748877301812172,0.0002029707102337852,0,0.0007813239935785532
660,0.002050510374829173,0.0009364482830278575,0.025094689801335335,0.00023349268303718418,0,0.0013148667057976127
661,0.0011270934483036399,0.0026383057702332735,0.001298941788263619,0.00026620313292369246,0,0.0005732215358875692
662,0.003421303816139698,0.1463303118944168,0.002030991017818451,0.00022791634546592832,0,0.00017903768457472324
663,0.9871800541877747,0.04083949327468872,0.001052159583196044,0.0002173153479816392,0,0.00043999659828841686
664,0.0032365110237151384,0.006037200801074505,0.00043688504956662655,0.0003531196271069348,0,0.0009498414001427591
665,0.9897972345352173,0.008468002080917358,0.0011406847042962909,0.0005528199835680425,0,0.0008178954594768584
666,0.9814091920852661,0.003884423291310668,0.02353602834045887,0.0001678893604548648,0,0.0008253546548075974
667,0.0026277494616806507,0.0011387423146516085,0.06822513788938522,0.00023655089898966253,0,0.0007085033576004207
668,0.00971160363405943,0.14445924758911133,0.004724600818008184,0.00023102642444428056,0,0.0002564887108746916
669,0.9878288507461548,0.10772114247083664,0.0006227211561053991,0.00028534079319797456,0,0.00046498558367602527
670,0.002961638616397977,0.08922114223241806,0.0006655203178524971,0.0002679825993254781,0,0.0003387465258128941
671,0.9932606816291809,0.015305032953619957,0.0010441148187965155,0.0003603216609917581,0,0.0006434148526750505
672,0.03618307411670685,0.0009353305213153362,0.00019785604672506452,0.00017929189198184758,0,0.0026040112134069204
673,0.0023899066727608442,0.0025946444366127253,0.0011807093396782875,0.00038905604742467403,0,0.0010348767973482609
674,0.9956516623497009,0.0039231665432453156,0.06556664407253265,0.0002429051382932812,0,0.0008359496714547276
675,0.08632529526948929,0.05936987325549126,0.9937334656715393,0.0024630071129649878,0,0.0021663226652890444
676,0.0010820862371474504,0.00042254169238731265,0.0023356180172413588,0.00033795335912145674,0,0.0008987507899291813
677,0.9865670800209045,0.0023857697378844023,0.003499804763123393,0.00035507421125657856,0,0.0018353488994762301
678,0.006203937344253063,0.026523787528276443,0.002335653640329838,0.0002023251581704244,0,0.00021712416491936892
679,0.0021819130051881075,0.07276119291782379,0.02156844362616539,0.0014681358588859439,0,0.0005199344013817608
680,0.00217857351526618,0.002019463572651148,0.0007346131023950875,0.0004248710465617478,0,0.0009577611344866455
681,0.009370233863592148,0.0011632589157670736,0.000741471943911165,0.00042832110193558037,0,0.0010383862536400557
682,0.013909873552620411,0.006404594983905554,0.8094083070755005,0.0005884231068193913,0,0.0006900274311192334
683,0.0014937985688447952,0.00042974765528924763,0.0005990146892145276,0.00044667330803349614,0,0.0018296970520168543
684,0.030228959396481514,0.0015278857899829745,0.00024245836539193988,0.00015334291674662381,0,0.0020845611579716206
685,0.9911808371543884,0.0014333670260384679,0.013667360879480839,0.0011441279202699661,0,0.011447825469076633
686,0.0019130607834085822,0.0017814236925914884,0.0003898295690305531,0.0001651773927733302,0,0.0005155196413397789
687,0.0008248160011135042,0.0010038558393716812,0.0006782764103263617,0.00025942226056940854,0,0.0004958149511367083
688,0.0015323157422244549,0.00027844691067002714,0.0006653398741036654,0.0005514759104698896,0,0.0022963532246649265
689,0.0017949843313544989,0.0038301560562103987,0.0013092184672132134,0.00023278580920305103,0,0.00038315370329655707
690,0.9270788431167603,0.01011604443192482,0.0018931834492832422,8.698544843355194e-05,0,0.0005773304728791118
691,0.9716616868972778,0.004649444483220577,0.0011131300125271082,0.00019356058328412473,0,0.0018497074488550425
692,0.0019179910887032747,0.001087566139176488,0.0002062967250822112,0.00044559623347595334,0,0.0011144609889015555
693,0.0023021704982966185,0.002114335773512721,0.0012081993045285344,0.00015453805099241436,0,0.0004070615686941892
694,0.0010883108479902148,0.000997112481854856,0.003905343124642968,0.0002728261752054095,0,0.00031842972384765744
695,0.09615673869848251,0.9162919521331787,0.007571179419755936,0.0008930668118409812,0,0.0016127112321555614
696,0.09296546876430511,0.9491782784461975,0.008552898652851582,0.000969161803368479,0,0.0009788749739527702
697,0.0008737521711736917,0.001177881844341755,0.000739324139431119,0.00020217955170664936,0,0.0008475540089420974
698,0.011380856856703758,0.3945150375366211,0.8816946744918823,0.00101851939689368,0,0.00041626920574344695
699,0.04005027189850807,0.7066303491592407,0.947306215763092,0.008213129825890064,0,0.0013363297330215573
700,0.0009547225781716406,0.010111698880791664,0.0005089604528620839,0.0014694862766191363,0,0.00035865267273038626
701,0.013715124689042568,0.0017758809262886643,0.0015953948022797704,0.00018565593927633017,0,0.0008160320576280355
702,0.0011835485929623246,0.02236357145011425,0.000428174389526248,0.0007452512509189546,0,0.0003318533126730472
703,0.29855790734291077,0.012416533194482327,0.007816617377102375,0.0029965676367282867,0,0.0037750438787043095
704,0.07952527701854706,0.0022405493073165417,0.00029597574030049145,9.946960199158639e-05,0,0.001213286304846406
705,0.9982104301452637,0.004039805848151445,0.026667501777410507,0.002149266190826893,0,0.004164116457104683
706,0.0034074943978339434,0.0018104998162016273,0.0002520857669878751,0.00040039309533312917,0,0.00141968356911093
707,0.001153093297034502,0.0021210950799286366,0.00044274883111938834,0.000846171285957098,0,0.0006738815573044121
708,0.9924736022949219,0.005738530308008194,0.016150789335370064,0.00019513271399773657,0,0.0005371043225750327
709,0.02818089909851551,0.005610741674900055,0.07532678544521332,0.0001530820009065792,0,0.00033980191801674664
710,0.05023869127035141,0.0019330307841300964,9.321443212684244e-05,0.0004683116276282817,0,0.0019204874988645315
711,0.9677554965019226,0.05617189779877663,0.8784932494163513,0.9704909920692444,0,0.08451393246650696
712,0.01550339162349701,0.016119662672281265,0.8539709448814392,0.0008953779470175505,0,0.0009807561291381717
713,0.001019392628222704,0.0008273945422843099,0.0007817592704668641,0.0003262416576035321,0,0.0005323865916579962
714,0.004711036570370197,0.031357232481241226,0.00017208240751642734,0.00035058779758401215,0,0.0013168832520022988
715,0.0017918105004355311,0.0107105802744627,0.0002717278548516333,0.00021008709154557437,0,0.0008260863251052797
716,0.0008134599775075912,0.0004135738709010184,0.0027650240808725357,0.0002950698835775256,0,0.0012093522818759084
717,0.09097111225128174,0.0063048782758414745,0.8763817548751831,0.001120573142543435,0,0.0021727599669247866
718,0.9958235025405884,0.005123709794133902,0.024508889764547348,0.0003652395389508456,0,0.0009992079576477408
719,0.08781903237104416,0.010012985207140446,0.042920760810375214,0.989027738571167,0,0.009546843357384205
720,0.9958562254905701,0.0047723883762955666,0.03379707410931587,0.0002640575112309307,0,0.0009172754362225533
721,0.03109544888138771,0.00688858050853014,0.012587295845150948,0.9671187400817871,0,0.006313613150268793
722,0.000918219389859587,0.0006204835372045636,0.0009528066730126739,0.0005056064110249281,0,0.002060145139694214
723,0.0016805505147203803,0.0008192323730327189,0.0004935471224598587,0.0003199848288204521,0,0.0015823948197066784
724,0.9961228966712952,0.005388243589550257,0.014166053384542465,0.00033982156310230494,0,0.0009339644457213581
725,0.0012698324862867594,0.0007472975412383676,0.0004950975417159498,0.0003389040066394955,0,0.0006893560057505965
726,0.004541037138551474,0.00292131956666708,0.30059075355529785,0.00039225356886163354,0,0.0005122405709698796
727,0.002475898480042815,0.004976403433829546,0.0007217092206701636,0.0001969661097973585,0,0.0004344602639321238
728,0.0008354910532943904,0.0005658591981045902,0.000619009486399591,0.0003052561078220606,0,0.001148237963207066
729,0.0017943785060197115,0.008553864434361458,0.0005035112262703478,0.000787328346632421,0,0.00037013491964899004
730,0.0009362761629745364,0.0010464864317327738,0.00035231647780165076,0.000307558017084375,0,0.0011255511781200767
731,0.00278963684104383,0.0009197135805152357,0.0006457147537730634,0.0004940564394928515,0,0.0013637234224006534
732,0.0010981601662933826,0.0005049004103057086,0.0006366227171383798,0.00025659363018348813,0,0.0012054989347234368
733,0.008813891559839249,0.05415772646665573,0.0005064934957772493,0.00028727803146466613,0,0.00041507609421387315
734,0.01930014230310917,0.31019705533981323,0.006631970871239901,0.0004002459754701704,0,0.0003614358138293028
735,0.9954354166984558,0.0029697390273213387,0.06967635452747345,0.0003011395747307688,0,0.0014464710839092731
736,0.0017492889892309904,0.0004313943500164896,0.0007507720147259533,0.0004880722553934902,0,0.008480980060994625
737,0.00829229224473238,0.0009053395478986204,0.00064883753657341,0.0021776428911834955,0,0.11282654851675034
738,0.09895870089530945,0.006966746877878904,0.0013575812336057425,6.552422564709559e-05,0,0.0007353128166869283
739,0.9918375611305237,0.013964960351586342,0.004779133014380932,0.00018590057152323425,0,0.0006130575202405453
740,0.024911796674132347,0.00040636039921082556,0.00277942162938416,0.0007102545932866633,0,0.01107087079435587
741,0.003066668752580881,0.0008989730849862099,0.0005189933581277728,0.00033152601099573076,0,0.00106508145108819
742,0.0032277388963848352,0.002204871503636241,0.0011047949083149433,0.0001603169657755643,0,0.00047318023280240595
743,0.007438723463565111,0.0040040588937699795,0.0004213914508000016,0.0003065805067308247,0,0.0005737361498177052
744,0.004428667947649956,0.008616630919277668,0.0006281677051447332,0.00019282099674455822,0,0.00029413457377813756
745,0.0010297229746356606,0.0007717071566730738,0.0018377563683316112,0.0002305763919139281,0,0.0005175570258870721
746,0.0045521254651248455,0.0398230217397213,0.0017027808353304863,0.00016949136625044048,0,0.0005066057783551514
747,0.005479246377944946,0.08153098821640015,0.0016182437539100647,0.0001783530751708895,0,0.00042737610056065023
748,0.0008803830132819712,0.0004493648884817958,0.0028857942670583725,0.00028735309024341404,0,0.0013387658400461078
749,0.07026563584804535,0.9474968314170837,0.024724578484892845,0.0008598971180617809,0,0.0005253073759377003
750,0.005762819666415453,0.008700565434992313,0.00027897889958694577,0.00047201209235936403,0,0.00046854710672050714
751,0.9827081561088562,0.20944254100322723,0.0006115043652243912,0.0002916785888373852,0,0.0008334371959790587
752,0.9912455677986145,0.007613262627273798,0.00676368735730648,0.0003163452201988548,0,0.000869330542627722
753,0.09884247183799744,0.035504426807165146,0.019938547164201736,0.988709032535553,0,0.041792552918195724
754,0.08130531013011932,0.002080889418721199,0.015351678244769573,0.9480282664299011,0,0.01045961119234562
755,0.07102969288825989,0.0029513202607631683,0.006528007797896862,0.8435279726982117,0,0.008230775594711304
756,0.992363691329956,0.008126972243189812,0.020973090082406998,0.00023914860503282398,0,0.0006924295448698103
757,0.05692117288708687,0.016815688461065292,0.9961955547332764,0.005712311249226332,0,0.005048040766268969
758,0.0007553264149464667,0.0011773204896599054,0.011595071293413639,0.00022429937962442636,0,0.0005581409786827862
759,0.00234536943025887,0.002817327156662941,0.0048828148283064365,0.00012610356498043984,0,0.00020318932365626097
760,0.0009301246027462184,0.0012553080450743437,0.0041585140861570835,0.0002243201161036268,0,0.00039318372728303075
761,0.9973827004432678,0.016360098496079445,0.03881581872701645,0.0005614292458631098,0,0.0007237024838104844
762,0.8604034185409546,0.006000227760523558,0.003351888619363308,0.04779219627380371,0,0.031632523983716965
763,0.9942840933799744,0.01782095804810524,0.9619086384773254,0.8494590520858765,0,0.05532277375459671
764,0.004432176239788532,0.01926087960600853,0.0076761869713664055,0.00021602457854896784,0,0.0003559438628144562
765,0.0010630737524479628,0.0010477084433659911,0.0012695996556431055,0.00022731001081410795,0,0.0004492542357183993
766,0.0013636831426993012,0.0006746667786501348,0.0020455282647162676,0.0003290403983555734,0,0.0007285535684786737
767,0.9655863642692566,0.013113869354128838,0.0014605034375563264,0.0003345971053931862,0,0.00195192894898355
768,0.9699838757514954,0.010078092105686665,0.0020202556625008583,0.0002793582098092884,0,0.0016871353145688772
769,0.005519547965377569,0.14758172631263733,0.5225862860679626,0.0005099671543575823,0,0.0004675824602600187
770,0.005710603203624487,0.2964724600315094,0.0004550039302557707,0.001515685231424868,0,0.00025893349084071815
771,0.003940954804420471,0.002946917898952961,0.0004156127979513258,0.0006431545480154455,0,0.0006171177374199033
772,0.19409938156604767,0.002565969480201602,0.00031754872179590166,0.0003209732531104237,0,0.0006707882857881486
773,0.009805029258131981,0.001510404865257442,0.0008756500319577754,0.00035227436455897987,0,0.0007351789972744882
774,0.996483564376831,0.004365083761513233,0.01449277438223362,0.00033151241950690746,0,0.001008922583423555
775,0.9965628981590271,0.0035433215089142323,0.018228774890303612,0.0004565319395624101,0,0.0016427015652880073
776,0.0017567770555615425,0.0006776164518669248,0.07341117411851883,0.0006124950596131384,0,0.0021632183343172073
777,0.0007562133250758052,0.0005635322304442525,0.000926673470530659,0.00037454915582202375,0,0.0006336804945021868
778,0.003857450094074011,0.02044893428683281,0.0001976833154913038,0.00028255218057893217,0,0.0011230658274143934
779,0.004136175382882357,0.021530529484152794,0.00017585400200914592,0.00028426386415958405,0,0.0011885938001796603
780,0.0006668640999123454,0.00044012704165652394,0.003108315635472536,0.00031708829919807613,0,0.0008646432543173432
